{
  "extensions": [
    {
      "name": "Startup",
      "typeName": "Microsoft.Azure.WebJobs.Extensions.FunctionMetadataLoader.Startup, Microsoft.Azure.WebJobs.Extensions.FunctionMetadataLoader, Version=1.0.0.0, Culture=neutral, PublicKeyToken=551316b6919f366c",
      "hintPath": "./.azurefunctions/Microsoft.Azure.WebJobs.Extensions.FunctionMetadataLoader.dll"
    },
    {
      "name": "ServiceBus",
      "typeName": "Microsoft.Azure.WebJobs.ServiceBus.ServiceBusWebJobsStartup, Microsoft.Azure.WebJobs.Extensions.ServiceBus, Version=5.17.0.0, Culture=neutral, PublicKeyToken=92742159e12e44c8",
      "hintPath": "./.azurefunctions/Microsoft.Azure.WebJobs.Extensions.ServiceBus.dll"
    }
  ]
}